{
  "n_series": 225,
  "n_rows_total": 450,
  "n_rows_train": 360,
  "n_rows_validation": 90,
  "holdout_seasons": [
    "2022-23",
    "2023-24",
    "2024-25"
  ],
  "team_feature_columns": [
    "rs_vs_top_teams_win_pct",
    "rs_net_rating",
    "rs_close_game_win_pct",
    "rs_fta",
    "rs_efg_pct"
  ],
  "delta_feature_columns": [
    "delta_rs_vs_top_teams_win_pct",
    "delta_rs_net_rating",
    "delta_rs_close_game_win_pct",
    "delta_rs_fta",
    "delta_rs_efg_pct"
  ],
  "train_metrics": {
    "accuracy": 0.7666666666666667,
    "roc_auc": 0.839320987654321,
    "log_loss": 0.4920228760954278,
    "brier": 0.16343604396605263
  },
  "validation_metrics": {
    "accuracy": 0.7333333333333333,
    "roc_auc": 0.7511111111111111,
    "log_loss": 0.6190033153951175,
    "brier": 0.21238390806398888
  }
}