SEASON,round_code,series_num,team_a,team_b,target_team_a_wins,p_team_a_wins,pred_team_a_wins,predicted_winner
2022-23,22,004,DEN,MIA,1,0.4036734981309073,0,MIA
2022-23,22,004,MIA,DEN,0,0.5963265018690929,1,MIA
2023-24,23,004,BOS,DAL,1,0.753724993823085,1,BOS
2023-24,23,004,DAL,BOS,0,0.2462750061769151,0,BOS
2024-25,24,004,OKC,IND,1,0.7606565683438573,1,OKC
2024-25,24,004,IND,OKC,0,0.23934343165614266,0,OKC
