season,conference,play_in_format,n_sims,team_abbr,seed7_prob,seed8_prob,made_playoffs_prob,selected_seed7_team,selected_seed8_team,selected_pair_prob,bubble_triggered,gb_9_to_8,p_8v9,p_7v8,p_9v10,p_8v10,p_7v9,p_7v10
2025-26,East,standard_7_10,20000,ATL,0.0,0.12045,0.12045,MIA,CHA,0.3479,,,0.3458863708667729,0.7568088460974465,0.7009662010063361,0.5286516510675872,0.5982291955472325,0.759510044989573
2025-26,East,standard_7_10,20000,CHA,0.0,0.4157,0.4157,MIA,CHA,0.3479,,,0.3458863708667729,0.7568088460974465,0.7009662010063361,0.5286516510675872,0.5982291955472325,0.759510044989573
2025-26,East,standard_7_10,20000,MIA,0.7556,0.1595,0.9151,MIA,CHA,0.3479,,,0.3458863708667729,0.7568088460974465,0.7009662010063361,0.5286516510675872,0.5982291955472325,0.759510044989573
2025-26,East,standard_7_10,20000,ORL,0.2444,0.30435,0.5487500000000001,MIA,CHA,0.3479,,,0.3458863708667729,0.7568088460974465,0.7009662010063361,0.5286516510675872,0.5982291955472325,0.759510044989573
2025-26,West,standard_7_10,20000,GSW,0.49625,0.39635,0.8926000000000001,PHX,GSW,0.39635,,,0.7672521712090241,0.506882098279453,0.8905853705403847,0.9604408089207982,0.7540610627975166,0.9575936102167095
2025-26,West,standard_7_10,20000,LAC,0.0,0.21155,0.21155,PHX,GSW,0.39635,,,0.7672521712090241,0.506882098279453,0.8905853705403847,0.9604408089207982,0.7540610627975166,0.9575936102167095
2025-26,West,standard_7_10,20000,PHX,0.50375,0.38685,0.8906000000000001,PHX,GSW,0.39635,,,0.7672521712090241,0.506882098279453,0.8905853705403847,0.9604408089207982,0.7540610627975166,0.9575936102167095
2025-26,West,standard_7_10,20000,POR,0.0,0.00525,0.00525,PHX,GSW,0.39635,,,0.7672521712090241,0.506882098279453,0.8905853705403847,0.9604408089207982,0.7540610627975166,0.9575936102167095
