season,conference,round,high_seed,high_seed_team,high_seed_seed_assignment_prob,low_seed,low_seed_team,low_seed_seed_assignment_prob,high_seed_series_win_prob,low_seed_series_win_prob
2025-26,East,First Round,1,DET,1.0,8,ORL,0.33365,0.883385275395949,0.11661472460405098
2025-26,East,First Round,2,BOS,1.0,7,MIA,0.69915,0.7119791278530551,0.28802087214694494
2025-26,East,First Round,3,NYK,1.0,6,PHI,1.0,0.8827462166127561,0.1172537833872439
2025-26,East,First Round,4,CLE,1.0,5,TOR,1.0,0.7022582918662313,0.29774170813376866
2025-26,West,First Round,1,OKC,1.0,8,GSW,0.46465,0.7924705717642855,0.20752942823571452
2025-26,West,First Round,2,SAS,1.0,7,PHX,0.5425,0.7584161666539377,0.24158383334606226
2025-26,West,First Round,3,HOU,1.0,6,LAL,1.0,0.7377489944972585,0.2622510055027415
2025-26,West,First Round,4,DEN,1.0,5,MIN,1.0,0.529374195175569,0.47062580482443095
